{
  "timestamp": "2025-07-18T10:15:16.935405",
  "balance": 9999.686616191864,
  "total_trades": 0,
  "daily_pnl": 0,
  "position": true,
  "is_paper_trading": true
}