{
  "timestamp": "2025-07-18T10:29:33.963893",
  "balance": 9999.776703268037,
  "total_trades": 0,
  "daily_pnl": 0,
  "position": true,
  "is_paper_trading": true
}