{
  "timestamp": "2025-07-18T10:11:16.833355",
  "balance": 9999.686616191864,
  "total_trades": 0,
  "daily_pnl": 0,
  "position": true,
  "is_paper_trading": true
}